{"cameraMode":{"drawMode":0,"name":"Shaded","section":"Shading Mode"},"sceneLighting":true,"audioPlay":false,"sceneViewState":{"showFog":true,"showMaterialUpdate":false,"showSkybox":true,"showFlares":true,"showImageEffects":true,"showParticleSystems":true},"in2DMode":false,"pivot":{"x":4.224397659301758,"y":2.5439815521240236,"z":-0.4139348268508911},"rotation":{"x":0.08730996400117874,"y":0.7072657942771912,"z":-0.08873415738344193,"w":0.6959034204483032},"size":11.11209774017334,"orthographic":false}