{"cameraMode":{"drawMode":0,"name":"Shaded","section":"Shading Mode"},"sceneLighting":false,"audioPlay":false,"sceneViewState":{"showFog":true,"showMaterialUpdate":false,"showSkybox":false,"showFlares":true,"showImageEffects":true,"showParticleSystems":true},"in2DMode":false,"pivot":{"x":4.46066951751709,"y":3.5307888984680177,"z":0.22571757435798646},"rotation":{"x":0.1331845074892044,"y":0.6938478946685791,"z":-0.13294385373592378,"w":0.6951016783714294},"size":5.653149127960205,"orthographic":false}