{"cameraMode":{"drawMode":0,"name":"Shaded","section":"Shading Mode"},"sceneLighting":true,"audioPlay":false,"sceneViewState":{"showFog":true,"showMaterialUpdate":false,"showSkybox":true,"showFlares":true,"showImageEffects":true,"showParticleSystems":true},"in2DMode":false,"pivot":{"x":1.0999417304992676,"y":-0.9614653587341309,"z":0.015777379274368287},"rotation":{"x":0.23886430263519288,"y":0.6789341568946838,"z":-0.250458300113678,"w":0.6475153565406799},"size":3.633511543273926,"orthographic":false}