{"cameraMode":{"drawMode":0,"name":"Shaded","section":"Shading Mode"},"sceneLighting":false,"audioPlay":false,"sceneViewState":{"showFog":true,"showMaterialUpdate":false,"showSkybox":false,"showFlares":true,"showImageEffects":true,"showParticleSystems":true},"in2DMode":false,"pivot":{"x":-0.8009997606277466,"y":0.7312239408493042,"z":-0.05099987983703613},"rotation":{"x":0.3041442036628723,"y":0.6575166583061218,"z":-0.3306216895580292,"w":0.6048704385757446},"size":2.9552083015441896,"orthographic":false}