{"cameraMode":{"drawMode":0,"name":"Shaded","section":"Shading Mode"},"sceneLighting":false,"audioPlay":false,"sceneViewState":{"showFog":true,"showMaterialUpdate":false,"showSkybox":false,"showFlares":true,"showImageEffects":true,"showParticleSystems":true},"in2DMode":false,"pivot":{"x":-1.6859416961669922,"y":-4.087259292602539,"z":4.879344463348389},"rotation":{"x":0.177023246884346,"y":0.820703387260437,"z":-0.3489246964454651,"w":0.41637328267097475},"size":6.181399345397949,"orthographic":false}