{"cameraMode":{"drawMode":0,"name":"Shaded","section":"Shading Mode"},"sceneLighting":false,"audioPlay":false,"sceneViewState":{"showFog":true,"showMaterialUpdate":false,"showSkybox":false,"showFlares":true,"showImageEffects":true,"showParticleSystems":true},"in2DMode":false,"pivot":{"x":645.8588256835938,"y":135.8638916015625,"z":-194.94290161132813},"rotation":{"x":0.08687847852706909,"y":0.016436852514743806,"z":-0.00143362523522228,"w":0.9960824847221375},"size":293.35107421875,"orthographic":true}