{"cameraMode":{"drawMode":0,"name":"Shaded","section":"Shading Mode"},"sceneLighting":true,"audioPlay":false,"sceneViewState":{"showFog":true,"showMaterialUpdate":false,"showSkybox":true,"showFlares":true,"showImageEffects":true,"showParticleSystems":true},"in2DMode":false,"pivot":{"x":-0.5326097011566162,"y":2.0393598079681398,"z":-2.306626796722412},"rotation":{"x":0.05108128860592842,"y":0.9281846284866333,"z":-0.13885769248008729,"w":0.3414463996887207},"size":3.7637383937835695,"orthographic":false}