{"cameraMode":{"drawMode":0,"name":"Shaded","section":"Shading Mode"},"sceneLighting":false,"audioPlay":false,"sceneViewState":{"showFog":true,"showMaterialUpdate":false,"showSkybox":false,"showFlares":true,"showImageEffects":true,"showParticleSystems":true},"in2DMode":false,"pivot":{"x":0.38999950885772707,"y":2.30545973777771,"z":0.9584351181983948},"rotation":{"x":0.21982982754707337,"y":0.7419173717498779,"z":-0.2894707918167114,"w":0.5634236931800842},"size":2.5498387813568117,"orthographic":false}