{"cameraMode":{"drawMode":0,"name":"Shaded","section":"Shading Mode"},"sceneLighting":false,"audioPlay":false,"sceneViewState":{"showFog":true,"showMaterialUpdate":false,"showSkybox":false,"showFlares":true,"showImageEffects":true,"showParticleSystems":true},"in2DMode":false,"pivot":{"x":-0.3798788785934448,"y":0.2503287196159363,"z":0.48165759444236758},"rotation":{"x":-0.07477636635303498,"y":-0.8446857929229736,"z":0.12248139083385468,"w":-0.5156772136688232},"size":0.1370100975036621,"orthographic":false}