{"cameraMode":{"drawMode":0,"name":"Shaded","section":"Shading Mode"},"sceneLighting":false,"audioPlay":false,"sceneViewState":{"showFog":true,"showMaterialUpdate":false,"showSkybox":false,"showFlares":true,"showImageEffects":true,"showParticleSystems":true},"in2DMode":false,"pivot":{"x":1.5151824951171876,"y":3.7957096099853517,"z":-1.2252781391143799},"rotation":{"x":-0.1772589385509491,"y":-0.6818437576293945,"z":0.17577336728572846,"w":-0.6875969171524048},"size":10.0,"orthographic":true}