{"cameraMode":{"drawMode":0,"name":"Shaded","section":"Shading Mode"},"sceneLighting":true,"audioPlay":false,"sceneViewState":{"showFog":true,"showMaterialUpdate":false,"showSkybox":true,"showFlares":true,"showImageEffects":true,"showParticleSystems":true},"in2DMode":false,"pivot":{"x":-3.699310541152954,"y":2.807117223739624,"z":-0.016180459409952165},"rotation":{"x":-0.06553860753774643,"y":-0.6840943694114685,"z":0.06194145977497101,"w":-0.723810076713562},"size":2.228485107421875,"orthographic":true}