{"cameraMode":{"drawMode":0,"name":"Shaded","section":"Shading Mode"},"sceneLighting":false,"audioPlay":false,"sceneViewState":{"showFog":true,"showMaterialUpdate":false,"showSkybox":false,"showFlares":true,"showImageEffects":true,"showParticleSystems":true},"in2DMode":false,"pivot":{"x":-0.8980000019073486,"y":1.3519848585128785,"z":-1.1746032238006592},"rotation":{"x":-0.1772589385509491,"y":-0.6818437576293945,"z":0.17577336728572846,"w":-0.6875969171524048},"size":0.31798988580703738,"orthographic":true}