{"cameraMode":{"drawMode":0,"name":"Shaded","section":"Shading Mode"},"sceneLighting":true,"audioPlay":false,"sceneViewState":{"showFog":true,"showMaterialUpdate":false,"showSkybox":true,"showFlares":true,"showImageEffects":true,"showParticleSystems":true},"in2DMode":false,"pivot":{"x":-3.5366170406341554,"y":3.0477256774902345,"z":-0.37709861993789675},"rotation":{"x":-0.19594638049602509,"y":-0.6888300776481628,"z":0.20203383266925813,"w":-0.6680693030357361},"size":4.376363277435303,"orthographic":true}