{"cameraMode":{"drawMode":0,"name":"Shaded","section":"Shading Mode"},"sceneLighting":false,"audioPlay":false,"sceneViewState":{"showFog":true,"showMaterialUpdate":false,"showSkybox":false,"showFlares":true,"showImageEffects":true,"showParticleSystems":true},"in2DMode":false,"pivot":{"x":0.37049955129623415,"y":2.1901867389678957,"z":0.9105134010314941},"rotation":{"x":-0.05454729497432709,"y":-0.8884499669075012,"z":0.10956788063049317,"w":-0.4423941373825073},"size":0.365269273519516,"orthographic":true}