{"cameraMode":{"drawMode":0,"name":"Shaded","section":"Shading Mode"},"sceneLighting":false,"audioPlay":false,"sceneViewState":{"showFog":true,"showMaterialUpdate":false,"showSkybox":false,"showFlares":true,"showImageEffects":true,"showParticleSystems":true},"in2DMode":false,"pivot":{"x":-1.6656365394592286,"y":1.8215053081512452,"z":-1.9633378982543946},"rotation":{"x":-0.32256895303726199,"y":-0.6025691032409668,"z":0.29018673300743105,"w":-0.6698240041732788},"size":0.8576827049255371,"orthographic":true}