{"cameraMode":{"drawMode":0,"name":"Shaded","section":"Shading Mode"},"sceneLighting":false,"audioPlay":false,"sceneViewState":{"showFog":true,"showMaterialUpdate":false,"showSkybox":false,"showFlares":true,"showImageEffects":true,"showParticleSystems":true},"in2DMode":false,"pivot":{"x":-7.983211517333984,"y":16.421648025512697,"z":-8.730220794677735},"rotation":{"x":0.2162645310163498,"y":0.7831236124038696,"z":-0.3943554162979126,"w":0.4294612407684326},"size":13.508550643920899,"orthographic":false}