{"cameraMode":{"drawMode":0,"name":"Shaded","section":"Shading Mode"},"sceneLighting":true,"audioPlay":false,"sceneViewState":{"showFog":true,"showMaterialUpdate":false,"showSkybox":true,"showFlares":true,"showImageEffects":true,"showParticleSystems":true},"in2DMode":false,"pivot":{"x":-0.834335207939148,"y":2.053514003753662,"z":-0.11158077418804169},"rotation":{"x":-0.19086238741874696,"y":-0.6936286687850952,"z":0.19893229007720948,"w":-0.6654996275901794},"size":4.198272705078125,"orthographic":true}