{"cameraMode":{"drawMode":0,"name":"Shaded","section":"Shading Mode"},"sceneLighting":true,"audioPlay":false,"sceneViewState":{"showFog":true,"showMaterialUpdate":false,"showSkybox":true,"showFlares":true,"showImageEffects":true,"showParticleSystems":true},"in2DMode":false,"pivot":{"x":-0.8405559062957764,"y":3.047332286834717,"z":-0.4706951975822449},"rotation":{"x":-0.287402480840683,"y":-0.5040726661682129,"z":0.18251848220825196,"w":-0.7937444448471069},"size":2.108201026916504,"orthographic":true}