{"cameraMode":{"drawMode":0,"name":"Shaded","section":"Shading Mode"},"sceneLighting":false,"audioPlay":false,"sceneViewState":{"showFog":true,"showMaterialUpdate":false,"showSkybox":false,"showFlares":true,"showImageEffects":true,"showParticleSystems":true},"in2DMode":false,"pivot":{"x":-0.04599495604634285,"y":-0.27272751927375796,"z":-0.000860375352203846},"rotation":{"x":0.06527091562747956,"y":-0.7082618474960327,"z":-0.06605929136276245,"w":-0.6998181343078613},"size":0.7191542387008667,"orthographic":true}