{"cameraMode":{"drawMode":0,"name":"Shaded","section":"Shading Mode"},"sceneLighting":true,"audioPlay":false,"sceneViewState":{"showFog":true,"showMaterialUpdate":false,"showSkybox":true,"showFlares":true,"showImageEffects":true,"showParticleSystems":true},"in2DMode":false,"pivot":{"x":-5.125036716461182,"y":4.829811096191406,"z":-0.14162638783454896},"rotation":{"x":-0.1697005331516266,"y":-0.6768686771392822,"z":0.16477756202220918,"w":-0.6970694065093994},"size":2.601705312728882,"orthographic":true}