{"cameraMode":{"drawMode":0,"name":"Shaded","section":"Shading Mode"},"sceneLighting":false,"audioPlay":false,"sceneViewState":{"showFog":true,"showMaterialUpdate":false,"showSkybox":false,"showFlares":true,"showImageEffects":true,"showParticleSystems":true},"in2DMode":false,"pivot":{"x":0.24493128061294557,"y":4.481348991394043,"z":-1.622741460800171},"rotation":{"x":-0.05454729497432709,"y":-0.8884499669075012,"z":0.10956788063049317,"w":-0.4423941373825073},"size":6.097954750061035,"orthographic":true}