{"cameraMode":{"drawMode":0,"name":"Shaded","section":"Shading Mode"},"sceneLighting":true,"audioPlay":false,"sceneViewState":{"showFog":true,"showMaterialUpdate":false,"showSkybox":true,"showFlares":true,"showImageEffects":true,"showParticleSystems":true},"in2DMode":false,"pivot":{"x":-0.5248262286186218,"y":0.8162567019462586,"z":0.08049175143241883},"rotation":{"x":-0.22157022356987,"y":-0.6616573333740234,"z":0.21450307965278626,"w":-0.683454692363739},"size":5.107395172119141,"orthographic":false}