{"cameraMode":{"drawMode":0,"name":"Shaded","section":"Shading Mode"},"sceneLighting":false,"audioPlay":false,"sceneViewState":{"showFog":true,"showMaterialUpdate":false,"showSkybox":false,"showFlares":true,"showImageEffects":true,"showParticleSystems":true},"in2DMode":false,"pivot":{"x":-1.122633695602417,"y":6.975345611572266,"z":-3.7752552032470705},"rotation":{"x":-0.07885230332612992,"y":-0.7160812020301819,"z":0.08198896050453186,"w":-0.688689112663269},"size":14.165215492248536,"orthographic":true}