{"cameraMode":{"drawMode":0,"name":"Shaded","section":"Shading Mode"},"sceneLighting":false,"audioPlay":false,"sceneViewState":{"showFog":true,"showMaterialUpdate":false,"showSkybox":false,"showFlares":true,"showImageEffects":true,"showParticleSystems":true},"in2DMode":false,"pivot":{"x":0.026724012568593026,"y":0.27900514006614687,"z":0.4776163101196289},"rotation":{"x":0.2047523409128189,"y":0.6710541844367981,"z":-0.2009817659854889,"w":0.6836506724357605},"size":5.229706287384033,"orthographic":true}