{"cameraMode":{"drawMode":0,"name":"Shaded","section":"Shading Mode"},"sceneLighting":false,"audioPlay":false,"sceneViewState":{"showFog":true,"showMaterialUpdate":false,"showSkybox":false,"showFlares":true,"showImageEffects":true,"showParticleSystems":true},"in2DMode":false,"pivot":{"x":0.2839999794960022,"y":1.1260000467300416,"z":0.30399996042251589},"rotation":{"x":-0.1772589385509491,"y":-0.6818437576293945,"z":0.17577336728572846,"w":-0.6875969171524048},"size":1.407124638557434,"orthographic":true}