{"cameraMode":{"drawMode":0,"name":"Shaded","section":"Shading Mode"},"sceneLighting":false,"audioPlay":false,"sceneViewState":{"showFog":true,"showMaterialUpdate":false,"showSkybox":false,"showFlares":true,"showImageEffects":true,"showParticleSystems":true},"in2DMode":false,"pivot":{"x":0.0,"y":-5.321430762705859e-8,"z":0.44639402627944949},"rotation":{"x":-0.09260577708482743,"y":-0.871822714805603,"z":0.1811779886484146,"w":-0.44559726119041445},"size":5.4460859298706059,"orthographic":true}