{"cameraMode":{"drawMode":0,"name":"Shaded","section":"Shading Mode"},"sceneLighting":false,"audioPlay":false,"sceneViewState":{"showFog":true,"showMaterialUpdate":false,"showSkybox":false,"showFlares":true,"showImageEffects":true,"showParticleSystems":true},"in2DMode":false,"pivot":{"x":-2.3211159706115724,"y":8.953863143920899,"z":0.23253227770328523},"rotation":{"x":-0.20332521200180055,"y":-0.25819915533065798,"z":0.05567815899848938,"w":-0.9428296685218811},"size":9.636688232421875,"orthographic":true}