{"cameraMode":{"drawMode":0,"name":"Shaded","section":"Shading Mode"},"sceneLighting":true,"audioPlay":false,"sceneViewState":{"showFog":true,"showMaterialUpdate":false,"showSkybox":true,"showFlares":true,"showImageEffects":true,"showParticleSystems":true},"in2DMode":false,"pivot":{"x":-8.79349422454834,"y":5.8646769523620609,"z":-0.20413608849048615},"rotation":{"x":-0.1859043687582016,"y":-0.6917791962623596,"z":0.1916762888431549,"w":-0.670930027961731},"size":2.4980218410491945,"orthographic":true}