{"cameraMode":{"drawMode":0,"name":"Shaded","section":"Shading Mode"},"sceneLighting":true,"audioPlay":false,"sceneViewState":{"showFog":true,"showMaterialUpdate":false,"showSkybox":true,"showFlares":true,"showImageEffects":true,"showParticleSystems":true},"in2DMode":false,"pivot":{"x":2.33203125,"y":-1.6502858400344849,"z":1.3191802501678467},"rotation":{"x":0.22706802189350129,"y":0.5963954329490662,"z":-0.18096540868282319,"w":0.7483423948287964},"size":12.484085083007813,"orthographic":false}