{"cameraMode":{"drawMode":0,"name":"Shaded","section":"Shading Mode"},"sceneLighting":true,"audioPlay":false,"sceneViewState":{"showFog":true,"showMaterialUpdate":false,"showSkybox":true,"showFlares":true,"showImageEffects":true,"showParticleSystems":true},"in2DMode":false,"pivot":{"x":-0.009483575820922852,"y":1.1751905679702759,"z":0.07618115842342377},"rotation":{"x":0.21080641448497773,"y":0.6789474487304688,"z":-0.2136063128709793,"w":0.6700475811958313},"size":1.2508745193481446,"orthographic":false}